{"options":{"summaryTrendStats":["avg","min","med","max","p(90)","p(95)"],"summaryTimeUnit":"","noColor":false},"state":{"isStdOutTTY":false,"isStdErrTTY":false,"testRunDurationMs":423786.995226},"metrics":{"http_req_duration{expected_response:true}":{"type":"trend","contains":"time","values":{"med":8.068189499999999,"max":28.326403,"p(90)":9.4547833,"p(95)":10.27894105,"avg":8.368170015593424,"min":6.934759}},"http_req_connecting":{"type":"trend","contains":"time","values":{"min":0,"med":0,"max":6.891773,"p(90)":0,"p(95)":0,"avg":0.01237465711395819}},"http_req_sending":{"values":{"max":0.540347,"p(90)":0.0892161,"p(95)":0.10778749999999998,"avg":0.05753266089008761,"min":0.01621,"med":0.0508045},"type":"trend","contains":"time"},"http_req_tls_handshaking":{"type":"trend","contains":"time","values":{"avg":0.027201585637221852,"min":0,"med":0,"max":16.599951,"p(90)":0,"p(95)":0}},"vus_max":{"type":"gauge","contains":"default","values":{"max":30,"value":30,"min":30}},"data_received":{"type":"counter","contains":"data","values":{"count":272586534,"rate":643215.9010793458}},"data_sent":{"type":"counter","contains":"data","values":{"count":2016143,"rate":4757.444241357189}},"http_req_receiving":{"type":"trend","contains":"time","values":{"med":0.037129,"max":12.835305,"p(90)":0.35006830000000044,"p(95)":1.1457534499999997,"avg":0.16704456156439512,"min":0.011752}},"http_reqs":{"type":"counter","contains":"default","values":{"count":14830,"rate":34.99399501886875}},"http_req_waiting":{"contains":"time","values":{"max":20.374843,"p(90)":8.813906800000002,"p(95)":9.12035545,"avg":8.075854688199588,"min":6.858976,"med":7.9065294999999995},"type":"trend"},"vus":{"type":"gauge","contains":"default","values":{"value":1,"min":0,"max":30}},"iteration_duration":{"type":"trend","contains":"time","values":{"max":4211.03057,"p(90)":4095.1057014000003,"p(95)":4097.6895214999995,"avg":4087.5783777896054,"min":4076.523001,"med":4086.147981}},"http_req_duration":{"type":"trend","contains":"time","values":{"med":8.025892,"max":28.326403,"p(90)":9.2147588,"p(95)":10.043588449999998,"avg":8.300431910654126,"min":6.934759},"thresholds":{"p(95)<10000":{"ok":true}}},"http_req_blocked":{"type":"trend","contains":"time","values":{"max":96.537011,"p(90)":0.000571,"p(95)":0.000651,"avg":0.04542349244774213,"min":0.0002,"med":0.00043}},"group_duration":{"contains":"time","values":{"avg":17.03464782036414,"min":14.349803,"med":16.534608,"max":114.707314,"p(90)":18.6464738,"p(95)":19.774078999999997},"type":"trend"},"checks":{"type":"rate","contains":"default","values":{"rate":1,"passes":14830,"fails":0},"thresholds":{"rate>0.50":{"ok":true}}},"iterations":{"type":"counter","contains":"default","values":{"count":1483,"rate":3.4993995018868755}},"http_req_failed":{"type":"rate","contains":"default","values":{"rate":0.2,"passes":2966,"fails":11864},"thresholds":{"rate<1.00":{"ok":true}}}},"root_group":{"path":"","id":"d41d8cd98f00b204e9800998ecf8427e","groups":[{"id":"fadc346e72eceeb5ea5a796d87e302a2","groups":[],"checks":[{"name":"Login Successful (200)","path":"::ðŸ” Authentication::Login Successful (200)","id":"a18e5bd767e0e9cb3b72fa271c4b14a3","passes":1483,"fails":0},{"passes":1483,"fails":0,"name":"Login Failed Correctly (200/400/404)","path":"::ðŸ” Authentication::Login Failed Correctly (200/400/404)","id":"db34de29f853cef69914c5524fb284e4"}],"name":"ðŸ” Authentication","path":"::ðŸ” Authentication"},{"name":"ðŸ” Product Discovery","path":"::ðŸ” Product Discovery","id":"f4f69878520857c299a93031d5fd1e6b","groups":[],"checks":[{"passes":1483,"fails":0,"name":"Find Available Pets (200)","path":"::ðŸ” Product Discovery::Find Available Pets (200)","id":"4e8ec8ba125d97f1d3abe804c2ee0c53"},{"name":"Handle Invalid Status (200/400)","path":"::ðŸ” Product Discovery::Handle Invalid Status (200/400)","id":"7e53dcd5b276527ae0c2fa652c20d881","passes":1483,"fails":0}]},{"groups":[],"checks":[{"passes":1483,"fails":0,"name":"Get Pet Detail (200)","path":"::ðŸ“„ Product Detail::Get Pet Detail (200)","id":"7acfba8a8cf0affa6c2b9c75ea349c35"},{"name":"Get Invalid Pet ID (404)","path":"::ðŸ“„ Product Detail::Get Invalid Pet ID (404)","id":"0a56caf708fab9a582c06fee4ac61e69","passes":1483,"fails":0}],"name":"ðŸ“„ Product Detail","path":"::ðŸ“„ Product Detail","id":"496b7128135458bb3261215a31de43ac"},{"path":"::ðŸ“¦ Inventory Management","id":"b9af57d8ffd0dc9f4dc5701a85257a0f","groups":[],"checks":[{"passes":1483,"fails":0,"name":"Create Pet (200)","path":"::ðŸ“¦ Inventory Management::Create Pet (200)","id":"407bd5d68806054e18e4454ab65fd5a7"},{"id":"d54b7668b7a9d71a019970e1d8a2147f","passes":1483,"fails":0,"name":"Create Invalid Pet (200/400/500)","path":"::ðŸ“¦ Inventory Management::Create Invalid Pet (200/400/500)"}],"name":"ðŸ“¦ Inventory Management"},{"checks":[{"path":"::ðŸ’° Checkout::Place Order (200)","id":"148abd6277c491eeb550b8158d253c3e","passes":1483,"fails":0,"name":"Place Order (200)"},{"name":"Place Invalid Order (200/400)","path":"::ðŸ’° Checkout::Place Invalid Order (200/400)","id":"6f112a4822e3fa17715b3455a36f9637","passes":1483,"fails":0}],"name":"ðŸ’° Checkout","path":"::ðŸ’° Checkout","id":"0271334fbbb2f6a2ddc38583581eb087","groups":[]}],"checks":[],"name":""}}