{"state":{"isStdOutTTY":false,"isStdErrTTY":false,"testRunDurationMs":33925.257995},"metrics":{"group_duration":{"type":"trend","contains":"time","values":{"avg":158.36350842285705,"min":131.757652,"med":145.7197755,"max":419.822073,"p(90)":154.8666628,"p(95)":342.7795653000003}},"checks":{"type":"rate","contains":"default","values":{"rate":1,"passes":700,"fails":0},"thresholds":{"rate>0.99":{"ok":true}}},"iterations":{"type":"counter","contains":"default","values":{"count":70,"rate":2.0633594005480163}},"http_req_failed":{"type":"rate","contains":"default","values":{"rate":0.2,"passes":140,"fails":560}},"http_req_blocked":{"contains":"time","values":{"min":0.000211,"med":0.000541,"max":265.337899,"p(90)":0.000711,"p(95)":0.000831,"avg":3.571877648571415},"type":"trend"},"data_sent":{"type":"counter","contains":"data","values":{"count":100235,"rate":2954.5832787704344}},"http_req_connecting":{"type":"trend","contains":"time","values":{"min":0,"med":0,"max":75.201772,"p(90)":0,"p(95)":0,"avg":1.0014041857142855}},"http_req_sending":{"type":"trend","contains":"time","values":{"med":0.067166,"max":0.288345,"p(90)":0.120219,"p(95)":0.12992309999999993,"avg":0.07576296142857143,"min":0.018895}},"vus":{"type":"gauge","contains":"default","values":{"value":10,"min":10,"max":10}},"http_req_duration":{"type":"trend","contains":"time","values":{"avg":75.37693286428569,"min":65.493937,"med":72.381754,"max":303.563053,"p(90)":76.9016407,"p(95)":77.19554445},"thresholds":{"p(95)<2000":{"ok":true}}},"http_req_duration{expected_response:true}":{"type":"trend","contains":"time","values":{"max":303.563053,"p(90)":76.9575827,"p(95)":77.32597955,"avg":76.18496652857138,"min":65.741785,"med":72.40262}},"http_req_waiting":{"type":"trend","contains":"time","values":{"p(90)":76.7164243,"p(95)":77.00597065,"avg":72.99270507571435,"min":65.400344,"med":72.2490805,"max":153.053729}},"vus_max":{"type":"gauge","contains":"default","values":{"value":10,"min":10,"max":10}},"http_req_receiving":{"type":"trend","contains":"time","values":{"avg":2.308464827142859,"min":0.020047,"med":0.0635255,"max":211.837981,"p(90)":0.19568680000000047,"p(95)":0.7042508}},"http_reqs":{"type":"counter","contains":"default","values":{"count":700,"rate":20.633594005480163}},"http_req_tls_handshaking":{"values":{"avg":2.0299921157142857,"min":0,"med":0,"max":152.72311,"p(90)":0,"p(95)":0},"type":"trend","contains":"time"},"data_received":{"type":"counter","contains":"data","values":{"count":7813908,"rate":230327.15038310498}},"iteration_duration":{"type":"trend","contains":"time","values":{"med":4736.651293,"max":5266.796422,"p(90)":5185.7069139,"p(95)":5194.1162172,"avg":4794.258619028572,"min":4663.652933}}},"root_group":{"id":"d41d8cd98f00b204e9800998ecf8427e","groups":[{"path":"::ðŸ” Authentication","id":"fadc346e72eceeb5ea5a796d87e302a2","groups":[],"checks":[{"name":"Login Successful (200)","path":"::ðŸ” Authentication::Login Successful (200)","id":"a18e5bd767e0e9cb3b72fa271c4b14a3","passes":70,"fails":0},{"name":"Login Failed Correctly (200/400/404)","path":"::ðŸ” Authentication::Login Failed Correctly (200/400/404)","id":"db34de29f853cef69914c5524fb284e4","passes":70,"fails":0}],"name":"ðŸ” Authentication"},{"name":"ðŸ” Product Discovery","path":"::ðŸ” Product Discovery","id":"f4f69878520857c299a93031d5fd1e6b","groups":[],"checks":[{"name":"Find Available Pets (200)","path":"::ðŸ” Product Discovery::Find Available Pets (200)","id":"4e8ec8ba125d97f1d3abe804c2ee0c53","passes":70,"fails":0},{"fails":0,"name":"Handle Invalid Status (200/400)","path":"::ðŸ” Product Discovery::Handle Invalid Status (200/400)","id":"7e53dcd5b276527ae0c2fa652c20d881","passes":70}]},{"name":"ðŸ“„ Product Detail","path":"::ðŸ“„ Product Detail","id":"496b7128135458bb3261215a31de43ac","groups":[],"checks":[{"name":"Get Pet Detail (200)","path":"::ðŸ“„ Product Detail::Get Pet Detail (200)","id":"7acfba8a8cf0affa6c2b9c75ea349c35","passes":70,"fails":0},{"name":"Get Invalid Pet ID (404)","path":"::ðŸ“„ Product Detail::Get Invalid Pet ID (404)","id":"0a56caf708fab9a582c06fee4ac61e69","passes":70,"fails":0}]},{"id":"b9af57d8ffd0dc9f4dc5701a85257a0f","groups":[],"checks":[{"path":"::ðŸ“¦ Inventory Management::Create Pet (200)","id":"407bd5d68806054e18e4454ab65fd5a7","passes":70,"fails":0,"name":"Create Pet (200)"},{"path":"::ðŸ“¦ Inventory Management::Create Invalid Pet (200/400/500)","id":"d54b7668b7a9d71a019970e1d8a2147f","passes":70,"fails":0,"name":"Create Invalid Pet (200/400/500)"}],"name":"ðŸ“¦ Inventory Management","path":"::ðŸ“¦ Inventory Management"},{"name":"ðŸ’° Checkout","path":"::ðŸ’° Checkout","id":"0271334fbbb2f6a2ddc38583581eb087","groups":[],"checks":[{"name":"Place Order (200)","path":"::ðŸ’° Checkout::Place Order (200)","id":"148abd6277c491eeb550b8158d253c3e","passes":70,"fails":0},{"fails":0,"name":"Place Invalid Order (200/400)","path":"::ðŸ’° Checkout::Place Invalid Order (200/400)","id":"6f112a4822e3fa17715b3455a36f9637","passes":70}]}],"checks":[],"name":"","path":""},"options":{"summaryTimeUnit":"","noColor":false,"summaryTrendStats":["avg","min","med","max","p(90)","p(95)"]}}